ini_001,st-001,999,"Inicio"
ini_001,st-002,999,"Informaci&oacute;n"
ini_001,st-003,999,"Enlaces"
ini_001,st-004,999,"Digitalizaci&oacute;n"
ini_001,st-005,999,"Estad&iacute;sticas"
ini_001,st-006,999,"Login Usuario / Registrarse"
ini_001,st-007,999,"Login Administrador"
ini_002,st-001,999,"Noticias"
logu,st-1,999,"Sugerencias a nuestro usuario"
logu,st-2,999,"Login Usuario / Registrarse"
logu,st-3,999,"Login"
logu,st-4,999,"Contraseña"
logu,bot-1,999,"Enviar"
logu,bot-2,999,"Borrar"
logu,st-5,999,"¿Olvidó su contraseña?"
logu,st-6,999,"Regístrese"
logu,st-7,999,"Descripción del servicio"
dds,st-1,999,"Sector de informaciones generales"
dds,st-2,999,"En este sector del sitio podrá hallar información general acerca de la modalidad de funcionamiento del PrEBi. Tambien información relacionada con ISTEC de Argentina: El software que administra esta información y de la documentación que se presenta en los encuentros nacionales o internacionales. Para su comodidad el contenido esta dividido en secciones que se hallan a su izquierda"
dds,st-3,999,"Contenidos"
logu,st-8,999,"Debe completar todos los campos para ingresar"
adm-001,ec-1,999,"Pedidos en curso"
adm-001,ec-10,999,"Sesión a cargo de"
adm-001,ec-11,999,"Anulaciones y Correcciones especiales"
adm-001,ec-2,999,"Consola de Administración y Mantenimiento de Datos"
adm-001,ec-3,999,"Portada del Sitio"
adm-001,ec-4,999,"Datos Generales para la Administración"
adm-001,ec-5,999,"Datos de Usuarios - Comunicaciones y Consultas de Pedidos"
adm-001,ec-6,999,"Utilidades"
adm-001,ec-7,999,"Idiomas"
adm-001,ec-8,999,"Internacionalización del Sitio"
adm-001,ec-9,999,"Material listo para entregar"
adm-001,ha-1,999,"Anulación"
adm-001,ha-2,999,"Consulta Anulaciones"
adm-001,ha-3,999,"Auditoría"
adm-001,hc-1,999,"pedidos pendientes"
adm-001,hc-10,999,"pedidos esperando confirmación"
adm-001,hc-11,999,"pedido esperando confirmación"
adm-001,hc-12,999,"No hay pedido esperando confirmación"
adm-001,hc-13,999,"pedidos confirmados"
adm-001,hc-14,999,"pedido confirmado"
adm-001,hc-15,999,"No hay pedidos confirmados"
adm-001,hc-16,999,"Todos los Pedidos por Código"
adm-001,hc-17,999,"solicitudes de registro de usuarios"
adm-001,hc-18,999,"solicitud de registro de usuario"
adm-001,hc-19,999,"No hay solicitudes de reg.Usuarios"
adm-001,hc-2,999,"pedido pendiente"
adm-001,hc-20,999,"pedidos listos para entrega"
adm-001,hc-21,999,"pedido listo para entrega"
adm-001,hc-22,999,"No hay pedidos listos para entrega"
adm-001,hc-23,999,"Solicitados por Destino"
adm-001,hc-24,999,"pedidos en confirmacion por recurso web"
adm-001,hc-25,999,"pedido en confirmacion por recurso web"
adm-001,hc-26,999,"No hay pedidos en confirmacion por recurso web"
adm-001,hc-27,999,"Mensajes"
adm-001,hc-28,999,"Escribir mensaje"
adm-001,hc-29,999,"Listado de mensajes"
adm-001,hc-3,999,"No hay pedidos pendientes"
adm-001,hc-30,999,"pedido listo para download"
adm-001,hc-31,999,"pedidos listos para download"
adm-001,hc-32,999,"No hay pedidos listos para download"
adm-001,hc-4,999,"pedidos en búsqueda"
adm-001,hc-5,999,"pedido en búsqueda"
adm-001,hc-6,999,"No hay pedidos en busqueda"
adm-001,hc-7,999,"pedidos solicitados"
adm-001,hc-8,999,"pedido solicitado"
adm-001,hc-9,999,"No hay pedidos solicitados"
adm-001,hco-1,999,"Consulta por Usuario"
adm-001,hco-2,999,"Consulta por Título Normalizado"
adm-001,hco-3,999,"Consulta por Titulo sin Normalizar"
adm-001,hco-4,999,"Consulta por Código de Pedido"
adm-001,hco-5,999,"Por Titulo de Articulo"
adm-001,hco-6,999,"Por Titulo de Articulo"
adm-001,hco-7,999,"Por Autor"
adm-001,hco-8,999,"Por Autor"
adm-001,he-1,999,"Revistas"
adm-001,he-2,999,"Libros"
adm-001,he-3,999,"Patentes"
adm-001,he-4,999,"Tesis"
adm-001,he-5,999,"Congresos"
adm-001,he-6,999,"Campos Comunes"
adm-001,he-7,999,"Asistente de Pedidos sin retirar"
adm-001,he-8,999,"Consulta Libre SQL"
adm-001,hr-1,999,"Agregar Datos"
adm-001,hr-10,999,"Elegir Binding"
adm-001,hr-2,999,"Modificar y borrar datos"
adm-001,hr-3,999,"Consulta y Modificación"
adm-001,hr-4,999,"Agregar Datos Manualmente"
adm-001,hr-5,999,"Exportar"
adm-001,hr-6,999,"Importar"
adm-001,hr-7,999,"Agregar Directorio"
adm-001,hr-8,999,"Elegir Directorio"
adm-001,hr-9,999,"Administración de Bindings"
adm-001,ss-1,999,"Salir de la Sesión"
adm-001,tf-1,999,"Noticias"
adm-001,tf-10,999,"Solicitudes de Registro"
adm-001,tf-11,999,"Lista Revistas"
adm-001,tf-12,999,"Campos de Pedidos"
adm-001,tf-13,999,"Usuarios Registrados"
adm-001,tf-14,999,"Pedidos en Curso"
adm-001,tf-15,999,"Pedidos Históricos"
adm-001,tf-16,999,"Idiomas"
adm-001,tf-17,999,"Pantallas"
adm-001,tf-18,999,"Elementos de Pantallas"
adm-001,tf-19,999,"Traducciones de Elementos"
adm-001,tf-2,999,"Sugerencias"
adm-001,tf-20,999,"Pedidos"
adm-001,tf-21,999,"Eventos"
adm-001,tf-22,999,"Pedidos Históricos"
adm-001,tf-23,999,"Eventos Históricos"
adm-001,tf-25,999,"Mails"
adm-001,tf-26,999,"Plantillas de Mails"
adm-001,tf-27,999,"Listas Correo"
adm-001,tf-28,999,"Control de Calidad de Datos - Uniones"
adm-001,tf-29,999,"Secciones Inf.Gen"
adm-001,tf-3,999,"Pedidos de Usuarios"
adm-001,tf-30,999,"Contenido Inf.Gen"
adm-001,tf-31,999,"Elementos Cont.Inf.Gen."
adm-001,tf-32,999,"Catálogos de Bibliotecas"
adm-001,tf-33,999,"Network - Directorios"
adm-001,tf-34,999,"Network - Bindings"
adm-001,tf-4,999,"Paises"
adm-001,tf-5,999,"Localidades"
adm-001,tf-6,999,"Instituciones"
adm-001,tf-7,999,"Dependencias"
adm-001,tf-8,999,"Unidades"
adm-001,tf-9,999,"Tipos de Usuarios"
amp-001,bot-1,999,"Agregar Pedido"
amp-001,h-1,999,"Retornar al Menu de Administración"
amp-001,tf-1,999,"Operador Agregando:"
amp-001,tf-2,999,"Id:"
amp-001,tf-3,999,"Agregando Pedidos"
amp-001,tf-4,999,"En Nombre de:"
amp-001,tf-5,999,"Iniciar automaticamente la búsqueda"
adm-002,bot-1,999,"Enviar"
adm-002,bot-2,999,"Revisar Pedido"
adm-002,bot-3,999,"Generar Evento"
adm-002,bot-4,999,"Anular Pedido y Eventos"
adm-002,bot-5,999,"Revisar Ficha de Anulación"
adm-002,bot-6,999,"Anular Evento de Entrega"
adm-002,bot-7,999,"Búsquedas"
adm-002,botc-1,999,"Entregar Pedido"
adm-002,botc-2,999,"Entregar Todos"
adm-002,botc-3,999,"Confirmar Pedido"
adm-002,botc-4,999,"Cancelar Pedido"
adm-002,botc-5,999,"Registrar download"
adm-002,botc-6,999,"Registrar todos downloads"
adm-002,ec-1,999,"Pais Destino:"
adm-002,ec-2,999,"Institución Destino:"
adm-002,ec-3,999,"Dependencia Destino:"
adm-002,ec-4,999,"Estado:"
adm-002,et-1,999,"Tipo de Pedido:"
adm-002,et-10,999,"Recepción:"
adm-002,et-11,999,"Recibido de:"
adm-002,et-12,999,"Desde Fecha:"
adm-002,et-13,999,"Hasta Fecha:"
adm-002,et-2,999,"Id Pedido:"
adm-002,et-3,999,"Usuario:"
adm-002,et-4,999,"Datos del Pedido:"
adm-002,et-5,999,"Fecha Solicitud:"
adm-002,et-6,999,"Ult.Operador:"
adm-002,et-7,999,"Estado:"
adm-002,et-8,999,"Observaciones de Confirmación:"
adm-002,et-9,999,"Número de Pedidos del Usuario"
adm-002,h-1,999,"Retornar al Menú de Administración"
adm-002,h-2,999,"Buscar pedidos de otro usuario"
adm-002,h-3,999,"Elegir otra colección"
adm-002,opc-1,999,"TODOS"
adm-002,opc-2,999,"TODAS"
adm-002,otp-1,999,"Solicitados"
adm-002,otp-2,999,"Recibidos"
adm-002,otp-3,999,"TODOS"
adm-002,tc-1,999,"Código del Pedido:"
adm-002,tc-2,999,"Pedido por Código"
adm-002,tc-3,999,"Seleccione el Usuario y oprima Enviar:"
adm-002,tc-4,999,"Pedidos listos para entregar"
adm-002,tc-5,999,"Pedidos en curso"
adm-002,tc-6,999,"Pedidos listos para entregar"
adm-002,tc-7,999,"Pedidos esperando confirmación del Usuario"
adm-002,tc-8,999,"Consultando Pedidos del Usuario:"
adm-002,tc-9,999,"Colección Solicitada:"
adm-002,tf-0,999,"Consulta por Código de Pedidos Históricos"
adm-002,tf-1,999,"Sesión a cargo de:"
adm-002,tf-10,999,"Fecha Evento"
adm-002,tf-11,999,"Evento"
adm-002,tf-12,999,"Operador"
adm-002,tf-13,999,"Estado despues de anular"
adm-002,tf-14,999,"Pedido en curso"
adm-002,tf-15,999,"Pedido Histórico"
adm-002,tf-16,999,"Pedido Anulado"
adm-002,tf-2,999,"Pedidos en estado:"
adm-002,tf-3,999,"Lista Corta"
adm-002,tf-4,999,"Lista Detallada"
adm-002,tf-5,999,"en:"
adm-002,tf-6,999,"dias."
adm-002,tf-7,999,"Consulta de Pedidos por Destino"
adm-002,tf-8,999,"Consulta de Pedidos Anulados"
adm-002,tf-9,999,"Evento posible de anular"
gen-eve,bot-1,999,"Registrar Evento"
gen-eve,bot-2,999,"Cancelar y Cerrar"
gen-eve,ec-1,999,"Id Pedido"
gen-eve,me-1,999,"No es posible registrar la Recepción de Pedidos sin indicar el Número de Páginas. Por favor indique dicha cantidad"
gen-eve,me-2,999,"No es posible registrar la recepcion de un pedido sin especificar la Institución. Si no figura cree la misma antes de ingresar en esta opción."
gen-eve,me-3,999,"No es posible solicitar un pedido solo a un país: Defina la Institución a la que se solicita"
gen-eve,me-4,999,"Es imposible pasar a confirmación un pedido sin registrar las dificultades para continuar el proceso con el mismo: Las mismas indican al usuario que debe corregir"
gen-eve,me-5,999,"Para permitir que un usuario se baje un archivo pdf\, debe seleccionar el archivo para que sea enviado al servidor\, y asegurarse que el mismo sea un archivo pdf"
gen-eve,me-6,999,"No puede seleccionar más de una vez el mismo archivo"
gen-eve,tf-1,999,"Evento a Generar"
gen-eve,tf-10,999,"Direccion Mail"
gen-eve,tf-11,999,"Observaciones"
gen-eve,tf-12,999,"Archivo pdf"
gen-eve,tf-2,999,"Pais"
gen-eve,tf-3,999,"Institucion"
gen-eve,tf-4,999,"Biblioteca"
gen-eve,tf-5,999,"Responable Evento"
gen-eve,tf-6,999,"Evento Privado"
gen-eve,tf-7,999,"Fecha Evento"
gen-eve,tf-8,999,"Nro.Paginas"
gen-eve,tf-9,999,"Genera Mail"
adh-001,ec-1,999,"Datos del Pedido:"
adh-001,et-1,999,"Tipo Pedido:"
adh-001,et-10,999,"Recepción:"
adh-001,et-11,999,"Recibido de:"
adh-001,et-2,999,"Id Pedido:"
adh-001,et-3,999,"Entrega:"
adh-001,et-4,999,"Datos Pedido:"
adh-001,et-5,999,"Fecha Alta:"
adh-001,h-1,999,"Retornar a la Consola de Usuarios"
adh-001,h-2,999,"Seleccionar otro usuario"
adh-001,h-3,999,"Seleccionar Otra Colección"
adh-001,h-4,999,"Retornar a Administración"
adh-001,opc-1,999,"Pedidos Históricos entregados al Usuario"
adh-001,opc-2,999,"Pedidos Históricos Cancelados"
adh-001,opc-3,999,"Entregados por download del usuario"
adh-001,tf-0,999,"Usuario:"
adh-001,tf-1,999,"Consultando datos sobre:"
adh-001,tf-10,999,"Colección"
adh-001,tf-2,999,"Página Número"
adh-001,tf-3,999,"de"
adh-001,tf-4,999,"Pedidos ordenados por fecha de Solicitud"
adh-001,tf-5,999,"en"
adh-001,tf-6,999,"dias"
adh-001,tf-7,999,"Siguiente"
adh-001,tf-8,999,"Numero Total de Pedidos"
adh-001,tf-9,999,"Anterior"
app-001,bot-1,999,"Registrar Pedido"
app-001,bot-2,999,"Limpiar Formulario"
app-001,botc-1,999,"Cambiar Datos"
app-001,botc-2,999,"Cerrar Ventana"
app-001,opc-1,999,"Otro"
app-001,opc-2,999,"Otra"
app-001,tf-1,999,"Usuario:"
app-001,tf-2,999,"Id:"
app-001,tf-3,999,"Lista de Eventos asociados al pedido"
app-001,tf-4,999,"Fecha"
app-001,tf-5,999,"Evento"
app-001,tf-6,999,"Operador"
app-001,tf-7,999,"Pais Sol"
app-001,tf-8,999,"Institucion S"
app-001,tf-9,999,"Dep.Sol"
app-001,tfd-1,999,"Pedido generado el dia:"
app-001,tfd-2,999,"por:"
opp-001,hc-1,999,"Retornar al Menu de Pedidos por confirmar"
opp-001,hc-2,999,"Retornar a la Lista de Pedidos por entregar"
opp-001,hc-3,999,"Retornar al Menú de Usuarios"
opp-001,hc-4,999,"Retornar al Menú de Administración"
opp-001,tf-1,999,"El Usuario:"
opp-001,tf-2,999,"ha confirmado el registro del pedido:"
opp-001,tf-3,999,"ha cancelado el registro de su pedido:"
opp-001,tf-4,999,"ha entregado el pedido:"
adm-001,ec-12,999,"Sitio de usuarios"
adm-001,usr-1,999,"Nuevo pedido"
adm-001,usr-2,999,"pedidos en curso"
adm-001,usr-3,999,"pedido en curso"
adm-001,usr-4,999,"No hay pedidos en curso"
adm-001,usr-5,999,"pedidos listos para retirar"
adm-001,usr-6,999,"pedido listo para retirar"
adm-001,usr-7,999,"No hay pedidos listos para retirar"
adm-001,usr-8,999,"pedidos necesitan atención"
adm-001,usr-9,999,"pedido necesita atención"
adm-001,usr-10,999,"No hay pedidos que necesiten atención"
adm-001,usr-11,999,"Pedidos históricos por titulo"
adm-001,usr-12,999,"Pedidos en curso por titulo"
adm-001,usr-13,999,"Otros comandos"
adm-001,usr-14,999,"Revisar e-mails enviados desde PrEBi"
adm-001,usr-15,999,"Estadísticas de usuario: Números de Pedidos por año"
adm-001,usr-16,999,"Estadísticas de usuario: 10 publicaciones más solicitadas"
adm-001,usr-17,999,"Pedidos en curso"
adm-001,usr-18,999,"Todos los pedidos históricos"
adm-001,usr-19,999,"Enviar"
adm-001,usr-20,999,"Agregar nuevo pedido de usuario"
uni-002,tf-14,999,"Títulos Publicaciones - Unión"
uni-002,tf-10,999,"Unidades - Unión"
uni-002,tf-15,999,"Tipos Usuarios - Unión"
ads-001,bot-1,999,"Revisar Solicitud de Alta"
ads-001,ec-4,999,"Categoría:"
ads-001,bot-2,999,"Rechazar Solicitud"
ads-001,ec-1,999,"Apellidos:"
uni-002,tf-2,999,"Institución Eliminada:"
ads-001,ec-2,999,"Nombres:"
ads-001,ec-3,999,"Institución-Unidad:"
ads-001,ofe-1,999,"Otra"
ads-001,tf-1,999,"Solicitud(es) de Registro de Usuarios"
ads-001,ec-5,999,"Teléfonos:"
ads-001,ec-6,999,"Fecha Insertó solicitud:"
adu-001,ec-2,999,"Id:"
adu-001,ec-3,999,"Pedidos en curso"
adu-001,bot-1,999,"Enviar"
adu-001,ec-5,999,"Otros Comandos"
adu-001,ec-1,999,"Usuario:"
adu-001,ec-7,999,"Estadísticas Biblioteca"
adu-001,h-11,999,"Cambiar Clave de acceso"
adu-001,h-10,999,"Todos los Pedidos Históricos"
adu-001,ec-4,999,"Nuevo Pedido"
adu-001,ec-6,999,"Perfil Bibliotecario"
adu-001,h-13,999,"Pedidos en Curso por Título"
adu-001,h-12,999,"Revisar E-Mails enviados desde PrEBi"
adu-001,h-14,999,"Estadísticas de usuario- Numero Pedidos por Año"
adu-001,h-16,999,"Estadísticas Biblioteca- Pedidos originados por año"
adu-001,h-15,999,"Estadísticas de usuario- 10 Publicaciones mas solicitadas"
adu-001,h-17,999,"Estadísticas Biblioteca- 10 Publicaciones mas solicitadas"
adu-001,hc-11,999,"Modificación y Consulta Usuarios Biblioteca"
adu-001,hc-1,999,"pedidos en curso"
adu-001,hc-10,999,"Agregar Usuario de Biblioteca"
adu-001,hc-2,999,"pedido en curso"
adu-001,hc-12,999,"Agregar Nuevo Pedido de Usuario"
adu-001,hc-8,999,"Pedido que necesita atencion del usuario"
adu-001,hc-13,999,"Salir de Cuenta Usuario"
adu-001,hc-5,999,"Pedido listo para retirar"
adu-001,hc-4,999,"Pedidos listos para retirar"
adu-001,hc-6,999,"No hay pedidos listos para retirar"
adu-001,hc-9,999,"No hay pedidos que necesiten atención"
uni-002,tf-13,999,"Usuarios - Unión"
adu-001,hc-3,999,"No hay pedidos en curso"
adu-001,hc-7,999,"Pedidos que necesitan atencion del usuario"
aus-001,bie-1,999,"<font color=blue><b>Bienvenido!!!</b></font><br>Por favor complete los datos del presente formulario para solicitar a la administración del servicio ISTEC-PrEBi On-Line que lo registre como nuevo usuario para así poder usar los servicios de búsqueda"
aus-001,bie-11,999,"<b>Por favor complete los datos requeridos. Estos para su comodidad hemos coloreado en rojo<br>Gracias por usar los servicios de ISTEC-PrEBI On Line</b><br>"
aus-001,bot-6,999,"Corregir Datos"
aus-001,bot-4,999,"Confirmar Datos y Registrar Solicitud"
aus-001,bot-5,999,"Aprobar Solicitud"
aus-001,bot-1,999,"Segunda Parte del Formulario"
aus-001,bot-2,999,"Limpiar Formulario"
aus-001,ec-1,999,"Apellidos"
aus-001,botc-1,999,"Agregar Solicitu"
aus-001,botc-2,999,"Cambiar Datos de Solicitud"
aus-001,bie-2,999,"<b><font color=blue>Felicidades!!!Usted ha completado la primer parte del Formulario de Entrada de Datos</font></b><br>Por favor complete la segunda parte para registrar su solicitud"
aus-001,ec-13,999,"Otra Actividad (No descripta)"
aus-001,ec-17,999,"Telefonos:"
aus-001,ec-14,999,"Dirección Laboral:"
aus-001,ec-11,999,"Otra Unidad no especificada"
aus-001,ec-16,999,"Otra Localidad:"
aus-001,ec-18,999,"Comentarios que desee agregar:"
aus-001,ec-19,999,"Abreviatura País:"
aus-001,ec-20,999,"Abreviatura Institución:"
uni-002,tf-5,999,"Dependencia Eliminada:"
aus-001,ec-10,999,"Laboratorio/Seccion/Unidad"
aus-001,ec-12,999,"Actividad Principal"
aus-001,ec-2,999,"Nombres:"
aus-001,ec-21,999,"Forma de Pago:"
aus-001,ec-23,999,"Password:"
aus-001,ec-24,999,"Categoría Staff?"
uni-002,tf-3,999,"Institución Destino:"
aus-001,bot-7,999,"Rechazar Solicitud"
aus-001,ec-26,999,"Perfil Bibliotecario?"
aus-001,ec-3,999,"E-Mail:"
aus-001,ec-22,999,"Login de cuenta:"
aus-001,ec-4,999,"País:"
aus-001,ec-6,999,"Institución"
aus-001,ec-7,999,"Otra Institución"
aus-001,et-2,999,"Presentación de Solicitudes de Registro de Usuario"
aus-001,ec-9,999,"Otra Dependencia (no incluida)"
aus-001,ec-8,999,"Dependencia/Facultad"
aus-001,ec-5,999,"Otro País (no incuído):"
aus-001,gra-2,999,"En caso que quiera realizar cualquier consulta por favor dirija un e-mail a la siguiente direccion:<br><a href=mailto:bibistec@ing.unlp.istec.org>bibistec@ing.unlp.istec.org</a>"
aus-001,et-1,999,"Modificación de Datos de Solicitudes de Registro de Usuario"
aus-001,h-2,999,"Modificar Otra Solicitud"
aus-001,gra-1,999,"Gracias por su interés en los servicios de ISTEC-PrEBi On-Line. Su Solicitud ha sido registrada.<br><b>Recibirá los datos relativos al nombre de su cuenta y su password personal en la dirección de correo indicada por usted en el formulario</b>"
aus-001,h-1,999,"Retornar al Home"
aus-001,me-10,999,"Si escribe información en el campo Otra Unidad debe selección la opción Otra en el campo Unidad"
aus-001,me-12,999,"Seleccione Otra Categoría para indicar que no existe la que desea registrar"
aus-001,h-3,999,"Retornar al Sitio de Administración"
aus-001,me-11,999,"No es posible registrar otra categoría sin llenar los datos de Otra Categoría"
aus-001,me-1,999,"*** Por favor complete este campo"
aus-001,me-14,999,"Si se registra un nuevo País o una nueva Institución debe registrar su Abreviatura con atención de no repetir las siglas con las que ya existe"
aus-001,me-3,999,"*** No es posible dejar en blanco el campo País"
aus-001,me-6,999,"*** Seleccione Otra Institución para indicar que no existe la que desea Ingresar"
aus-001,me-13,999,"Se ha producido un Error insalvable al momento de registrar la solicitud por favor informe esta situación al staff del Proyecto ISTEC-PrEBi"
aus-001,ec-15,999,"Localidad:"
aus-001,me-8,999,"Si escribe en el campo Otra Dependencia debe indicar como opción Otra Dependencia"
aus-001,me-4,999,"*** Seleccione Otro País para indicar que no existe el que desea ingresa"
aus-001,me-9,999,"Si indica que pertenece a otra Unidad o Laboratorio debe indicar a cual"
aus-001,opc-2,999,"Imputa en Cuenta Corriente"
aus-001,ofe-1,999,"Otro"
ayc-001,bot-1,999,"Enviar Correo"
aus-001,me-7,999,"Si indica que pertenecea otra Dependencia o Facultad debe indicar a cual"
aus-001,oma-1,999,"Otra"
aus-001,me-2,999,"*** Dirección de E-Mail inválida"
ayc-001,tf-5,999,"Error Subsistema Mensajería Pr.E.Bi. On-Line"
ayc-001,tf-3,999,"Mensajería Sistema Pr.E.Bi. On - Line"
ayc-001,tf-4,999,"Ha sido enviado un correo electrónico a la dirección de correo solicitada. En pocos minutos debería recibir la información para ingresar. Caso contrario dirija un e-mail a <a href=mailto:bibistec@volta.ing.unlp>bibistec@volta.ing.unlp.edu.ar</a>"
aus-001,tf-1,999,"Usted ha completado los datos exigidos por el formulario.<br>Ahora por favor verifique que los datos sean correctos. En caso contrario puede Oprimir el botón de corregir los datos.<br><b>Cuando esté seguro oprima el botón para confirmar la solicitud"
aus-001,opc-3,999,"No paga"
aus-001,tf-2,999,"No Posee"
bus-001,tf-2,999,"Fecha"
ayu-001,tf-1,999,"No se ha definido ayuda aún para este campo en este idioma"
aus-001,opc-1,999,"Paga al retirar cada artículo"
ayc-001,tf-1,999,"Ingrese su dirección de correo electrónico. En caso de estar registrada le será enviado por E-Mail el nombre de la cuenta y la clave para que pueda acceder."
ayc-001,h-1,999,"Retornar al Sitio de Usuario"
adb-001,me-1,999,"No ha sido posible eliminar ese Binding"
aus-001,me-5,999,"*** No es posible registrar otra Institución sin indicar cual"
ayc-001,tf-6,999,"No hemos podido hallar registro de la dirección de correo. Verifique que sea correcta y en caso repetirse este mensaje dirija un correo a <a href=mailto:bibistec@volta.ing.unlp.edu.ar>bibistec@volta.ing.unlp.edu.ar</a> para acceder al servicio"
bus-001,bot-1,999,"Cerrar Ventana"
bus-001,tit-1,999,"Búsquedas realizadas para el pedido"
bus-001,ley-1,999,"No Buscado en biblioteca"
ayc-001,tf-2,999,"E-Mail"
bus-001,tf-3,999,"Resultado"
bus-001,ley-2,999,"Documento Hallado"
bus-001,tf-1,999,"Biblioteca"
bus-001,ley-3,999,"Título Hallado - V o A n/d"
bus-002,tf-3,999,"Resultado:"
bus-002,res-1,999,"Documento Hallado"
bus-002,bot-2,999,"Cancelar"
bus-001,ley-4,999,"Título no hallado"
bus-002,res-4,999,"No buscado en esa Biblioteca"
bus-002,bot-1,999,"Registrar Busqueda"
bus-002,tf-1,999,"Pedido-Biblioteca:"
bus-002,res-3,999,"Título no hallado"
bus-002,tf-2,999,"Fecha:"
bus-002,res-2,999,"Título Hallado - Demas datos no coinciden"
ccu-001,me-1,999,"Las claves ingresadas no son iguales entre sí."
bus-002,tf-5,999,"Observaciones:"
ccu-001,tf-1,999,"La clave ha sido correctamente alterada"
ccu-001,bot-1,999,"Enviar"
ccu-001,tf-4,999,"La clave debe poseer 3 letras y 4 dígitos."
bus-002,tf-4,999,"Operador:"
ccu-001,tf-2,999,"La clave no ha podido ser alterada. Comunicarse con help-desk."
ccu-001,h-1,999,"Retornar al Menú de Usuarios"
ccu-001,tf-3,999,"Usuario:"
ccu-001,me-2,999,"Las claves deben poseer 3 letras y 4 números para ser consideradas válidas."
cma-001,h-1,999,"Retornar a Consola de Usuario"
cma-001,tf-1,999,"Usuario:"
ccu-001,tf-5,999,"Ingrese su nueva clave de acceso:"
ccu-001,tf-6,999,"Repita el ingreso de su clave de acceso:"
cma-001,ec-1,999,"Direccion:"
ccu-001,ec-1,999,"Sector de cambio de claves"
cma-001,ec-5,999,"Texto Mail:"
cma-001,h-3,999,"Retornar a Administración"
cma-001,tf-2,999,"Página Número:"
cma-001,ec-2,999,"Asunto:"
cma-001,ec-3,999,"Fecha:"
cma-001,tf-3,999,"de"
cma-001,tf-4,999,"mails ordenados por Fecha de Envío"
cma-001,tf-5,999,"número total de e-mails."
cma-001,tf-6,999,"Anterior"
cma-001,tf-7,999,"Siguiente"
eca-001,h-3,999,"Eliminar Categoría"
cma-001,ec-4,999,"Hora:"
eca-001,ec-1,999,"Seleccionar Categorías"
eca-001,h-2,999,"Modificar Categoría"
cma-001,h-2,999,"Elegir otro usuario"
eca-001,h-1,999,"Retornar al Menú de Administración"
uni-002,tf-8,999,"País Eliminado:"
eco-001,bot-1,999,"Elegir"
eco-001,ec-1,999,"Título:"
elo-001,ec-1,999,"Nombre del País:"
adb-001,et-1,999,"Lista de Bindings - Conectado a Directorio:"
eca-001,mc-1,999,"Con esta operación eliminará la categoría seleccionada. Desea Aceptar la operación?"
eco-002,bot-4,999,"Elegir"
eco-001,et-1,999,"Administrador Dinámico - Contenidos"
eca-001,h-4,999,"Elegir Categoría"
eco-001,tf-2,999,"Seccion:"
eco-001,h-1,999,"Retornar a Administración"
eco-001,h-2,999,"Modificar Contenido"
eco-001,tf-1,999,"Idioma:"
eco-001,h-3,999,"Eliminar Contenido"
eco-001,me-1,999,"Confirma borrado de contenidos"
eco-002,ec-2,999,"Seccion:"
eco-002,ec-3,999,"Contenido:"
eco-002,bot-3,999,"Limpiar Formulario"
eco-002,et-2,999,"Borrar Elementos de Contenidos"
eco-002,ec-6,999,"Archivo upload:"
eco-002,ec-1,999,"Idioma:"
eco-002,h-1,999,"Agregar Otro Elemento"
eco-002,ec-5,999,"Orden:"
eco-002,botc-2,999,"Cambiar Datos Elemento"
eco-002,botc-1,999,"Agregar Elemento"
eco-002,et-1,999,"Carga de Elementos de Contenidos"
eco-002,me-1,999,"No hay sección o contenido definido para este elemento"
eco-002,ec-4,999,"Texto Elemento:"
eco-002,pre-1,999,"Confirma eliminar elemento de contenido y archivo asociado"
edi-001,ec-2,999,"URL -Directorio / IP Mysql:"
edi-001,et-1,999,"Sector Celsius-Network - Directorios"
uni-002,tf-7,999,"Unión de Países"
uni-002,tf-6,999,"Dependencia Destino:"
uni-002,tf-9,999,"País Destino:"
edi-001,ec-1,999,"Nombre Directorio:"
eco-002,h-2,999,"Retornar a Administración"
eco-002,me-2,999,"Hay un problema con el Archivo seleccionado. Puede ser de un tipo no permitido o ya existir en el servidor"
edi-001,h-2,999,"Modificar Directorio"
eco-002,h-3,999,"Borrar Elemento y Archivo"
edi-001,bot-1,999,"Elegir"
edi-001,h-1,999,"Retornar a Administración"
edi-001,ec-3,999,"Responsable:"
elo-001,ec-2,999,"Nombre Localidad:"
upp-001,bot-1,999,"Retornar a Ventana de registro de Pedido"
edi-001,h-3,999,"Eliminar Directorio"
ein-001,ec-2,999,"Nombre de la Institución:"
ein-001,h-1,999,"Retornar a Administración"
elo-001,bot-1,999,"Enviar"
ein-001,h-4,999,"Elegir Institución"
ein-001,ec-1,999,"Elegir Instituciones"
ein-001,h-2,999,"Modificar Datos"
ein-001,et-1,999,"Nombre del País:"
ein-001,bot-1,999,"Enviar"
eno-001,bot-1,999,"Consultar"
ein-001,h-3,999,"Eliminar Institución"
ein-001,me-1,999,"Con esta operación eliminará la Institución seleccionada. Desea continuar"
ccu-001,bot-2,999,"Limpiar"
elo-001,et-1,999,"Selección de Localidades"
elo-001,h-1,999,"Retornar a Administración"
elo-001,me-1,999,"Con esta operación eliminará la Localidad seleccionada. Desea Continuar?"
elo-001,h-2,999,"Modificar Datos"
eno-001,err-1,999,"Si oprime continuar eliminará la noticia en forma permanente. Confirme su decisión"
elo-001,h-3,999,"Eliminar Localidad"
eno-001,h-5,999,"Anterior"
eno-001,h-2,999,"Ver Noticia"
eno-001,h-3,999,"Modificar Noticia"
eno-001,h-1,999,"Retornar al Menú de Administración"
eno-001,h-4,999,"Eliminar Noticia"
eno-001,h-7,999,"Retornar a Inicio"
eno-001,h-6,999,"Siguiente"
eno-001,h-8,999,"Ver Noticia"
eno-001,tf-3,999," Hasta:"
eno-001,tf-1,999,"Búsqueda por Fechas"
eno-001,tf-4,999,"Páginas Numero:"
eno-001,tf-2,999,"Desde:"
epa-001,et-1,999,"Seleccionar País"
epa-001,me-1,999,"Con esta operación eliminará el País seleccionado. Confirma?"
eno-001,tf-5,999,"de Noticias desde el:"
eno-001,tf-6,999,"Hasta:"
epa-001,h-3,999,"Eliminar País"
epa-001,h-1,999,"Retornar a Administración"
epa-001,ec-1,999,"Nombre del País:"
epa-001,h-4,999,"Seleccionar País"
epa-001,h-2,999,"Modificar País"
epm-001,ec-1,999,"Plantilla:"
epm-001,h-1,999,"Retornar a Administración"
epm-001,h-2,999,"Modificar Plantilla"
epm-001,et-1,999,"Selección de Plantillas de Mails"
ese-001,ec-2,999,"Titulo seccion:"
ese-001,h-3,999,"Eliminar Sección"
ese-001,h-1,999,"Retornar a Administración"
ese-001,bot-1,999,"Elegir"
ese-001,et-1,999,"Idioma"
ese-001,me-1,999,"Confirma que desea eliminar la sección"
ese-001,h-2,999,"Modificar Sección"
epm-001,h-3,999,"Eliminar Plantilla"
ese-001,ec-1,999,"Administrador de Contenido - Secciones"
est-001,com-1,999,"En las estadísticas orientadas a cantidades podrá ver el número de pedidos que se atienden mes a mes en el PreBi tanto como analizar hacia donde se re orientan las solicitudes. Cuales bibliotecas del exterior atienden y en que proporción cada una."
est-001,com-2,999,"En las estadísticas orientadas a demoras podrá analizar cuanto tardan los pedidos en ser recibidos. Tambien tardanza promedio de bibliotecas del exterior en retornar el documento solicitado. De igual forma se presentará toda información relativa a las de"
est-002,ayu-14,999,"Aqui se presenta la cantidad de días en promedio que tarda un país de los integrantes del sistema en devolver el pedido realizado. Si usa la opción de Discriminar por año vera ademas la cantidad de pedidos realizados a ese país"
est-001,fec-1,999,"Fecha de Inicio del Pedido"
est-001,h-1,999,"Pedidos en Cantidades"
est-001,h-4,999,"Material Bibliográfico"
est-002,ayu-12,999,"Aquí se presenta al igual que las anteriores: La tardanza clasificada por Institución a la que se le solicitó el pedido"
est-001,com-3,999,"En las estadísticas orientadas a Usuarios podrá determinar cual es el perfil de los usuarios que solicitan documentos:Que actividad principal desarrollan - que instituciones y laboratorios solicitan y sus proporciones"
est-002,ayu-1,999,"Usando esta estadística podrá ver el número de pedidos que se realizaron al PrEBi durante uno o mas años por mes. Tambien podrá diferenciar entre pedidos recibidos - cancelados o los iniciados independientemente de su resultado"
est-001,fec-2,999,"Fecha de Recepción"
est-001,com-4,999,"En las estadísticas del material bibliográfico podrá apreciar análisis sobre el material bibliográfico solicitado: Que colecciones son las mas solicitadas - número de activas - año que pertenece el material solicitado y toda información del material"
est-002,ayu-11,999,"El presente informe presenta la tardanza clasificada de 1 a 10 o mas días por País destino"
est-001,h-2,999,"Demoras de Pedidos"
est-002,ayu-10,999,"Esta estadística presenta un informe de tardanza clasificada hasta la recepción del pedido. La clasificación se efectúa de 1 a 10 o mas días de espera. La presente estadística muestra globalmente la espera para todos los pedidos del PrEBi"
est-002,ayu-13,999,"En este informe se presenta la tardanza clasificada por Biblioteca a la que se le solicita el pedido"
est-001,h-3,999,"Estadísticas de Usuarios"
est-002,ayu-17,999,"Igual que la estadística anterior pero se discrimina el orígen por Institución dentro del país"
est-002,ayu-15,999,"Esta estadística presenta la cantidad de usuarios nuevos mes a mes incorporados al sistema. Se cuentan los usuarios agregados por pedido directo - los usuarios de perfil bibliotecario y los usuarios agregados por los bibliotecarios"
est-002,ayu-19,999,"Igual que los informes anteriores pero discriminado por la división dentro de la dependencia. Dichas divisiones pueden referirse a Laboratorios o Unidades de Investigación dentro de Facultades"
est-002,ayu-21,999,"Aqui podemos apreciar el número de pedidos realizados por cada tipo de usuario de acuerdo a su función ppal: Docencia - investigación - etc."
est-002,ayu-18,999,"Estadística que presenta el número de pedidos discriminado por la dependencia o Facultad dentro de un país y una Institución. Es posible asimismo discriminar por mes o año"
est-002,ayu-16,999,"Aquí podrá revisar el número de pedidos originados de acuerdo al país de orígen de los usuarios solicitantes"
est-002,ayu-24,999,"Esta estadística presenta el número de pedidos clasificado por la década del material. Es decir que si el material tiene fecha de publicación en 1972 por ejemplo aparecerá contado en la década de 1970-1980. Esta información puede obtenerse por año o mes"
est-002,ayu-3,999,"Los pedidos que se realizan al PrEBi se redirigen a Bibliotecas del exterior. Usando esta estadística podrá ver hacia que países se redirigen los pedidos"
est-002,ayu-20,999,"Esta estadística presenta el número de usuarios del total que posee registrado el PrEBi que activamente solicitan documentos. Por mes se considera que entre distintos meses los usuarios pueden repetirse. Si se ve el informe acumulado son usuarios di"
est-002,ayu-22,999,"Aquí presentaremos el número de pedidos de provisión atendidos de acuerdo a la función del usuario solicitante"
est-002,ayu-27,999,"Como en la estadística anterior presentaremos el número de colecciones activas solicitadas"
est-002,ayu-26,999,"Esta estadística presenta el número de pedidos provistos clasificado por la década del material. Esta información puede obtenerse por año o mes"
est-002,ayu-29,999,"Revisando esta estadística podrá analizar los títulos mas provistos por el PrEBi a las dependencias que solicitan provisión de documentos. Incluidos solo aquellos títulos históricos"
est-002,ayu-28,999,"Revisando esta estadística podrá analizar los títulos mas solicitados por los investigadores al PrEBi por año. Solo se incluyen los títulos de revistas que ya han finalizado su ciclo administrativo (Históricos)"
est-002,ayu-2,999,"Usando esta estadística podrá ver las cantidades de los diferentes tipos de pedidos que recibe el PrEBi: Artículos de Revistas - Partes de Libros - Patentes - Actas de Congresos y Tesis tambien discriminados por año y mes."
est-002,h-10,999,"Tardanza de acuerdo a Dependencia solicitada"
est-002,ayu-5,999,"Aquí se presentarán las bibliotecas dentro de las instituciones que atienden los pedidos del PrEBi."
est-002,ayu-4,999,"Al igual que la estadística anterior podrá revisar dentro de los países a los que se redirigen los pedidos y las Instituciones que los atienden."
est-002,h-13,999,"Número de Usuarios nuevos"
est-002,ec-2,999,"Pedidos de Provisión de Documento"
est-002,h-11,999,"Tardanza por Biblioteca solicitada"
est-002,ayu-9,999,"Este informe pesenta el número de páginas provistas por la Unidad a requerimientos del exterior"
est-002,ec-1,999,"Pedidos de Búsqueda de Documento"
est-002,ayu-6,999,"Este indicador de la actividad del PrEBi muestra mes a mes por año la cantidad de páginas impresas y entregadas a los investigadores que solicitan."
est-002,h-3,999,"Distribución del Destino de las Solicitudes - País"
est-002,ayu-25,999,"Aquí presentaremos de igual forma que los usuarios activos con el sistema - el número de títulos de revistas activos mes a mes o totalizados por año"
est-002,h-1,999,"Número de Pedidos por mes y año"
est-002,ayu-8,999,"Aquí podrá ver el tipo de documento solicitado para provisión de otras unidades del exterior al PrEBi"
est-002,h-2,999,"Número de Pedidos por Tipo del Material"
est-002,ayu-7,999,"Estas estadísticas son referidas a los pedidos que otras instituciones del exterior realizan al PrEBi. Revisando la misma podrá ver que número de pedidos de documentos existentes en Argentina se reciben."
est-002,h-17,999,"Orígen de los pedidos - Dependencias"
est-002,h-19,999,"Número de usuarios activos mes a mes"
est-002,h-15,999,"Orígen del los pedidos - Instituciones"
est-002,h-24,999,"Titulos de Revistas mas solicitados"
eun-001,ec-1,999,"Nombre País:"
est-002,h-14,999,"Orígen de los pedidos - Países"
eun-001,h-3,999,"Eliminar Unidad"
est-002,h-18,999,"Orígen de los pedidos - Unidades"
est-002,h-4,999,"Distribución del Destino - Instituciones"
est-002,h-20,999,"Número de pedidos por Función del usuario"
est-002,h-22,999,"Número de Pedidos por año de publicación"
est-002,h-5,999,"Distribución del Destino - Bibliotecas"
est-002,h-23,999,"Número de títulos activos"
est-002,hv-1,999,"Retornar al Menú de Estadísticas"
eun-001,bot-1,999,"Enviar"
est-002,h-9,999,"Tardanza de acuerdo a Institucion solicitado"
est-002,h-12,999,"Tardanza Promedio por Pais Destino"
est-002,h-8,999,"Tardanza de acuerdo a País solicitado"
est-002,h-6,999,"Número de Páginas impresas mes a mes"
eun-001,ec-3,999,"Nombre Dependencia:"
est-002,h-7,999,"Tardanza de todos los pedidos"
fpa-001,botc-1,999,"Agregar País"
eun-001,et-1,999,"Modificación de Datos de Unidades"
eun-001,et-2,999,"Nombre de la Unidad"
eun-001,h-2,999,"Modificar Unidad"
fcg-001,et-1,999,"Catálogos de Bibliotecas"
eun-001,ec-2,999,"Nombre Institución:"
fca-001,ec-1,999,"Formulario de Carga de Tipos de Usuarios (Categorías)"
fca-001,h-3,999,"Retornar a Administración"
fca-001,tf-1,999,"Nombre de Categoría"
fca-001,botc-2,999,"Modificar Categoría"
fca-001,bot-2,999,"Limpiar Formulario"
fca-001,h-1,999,"Agregar Otra Categoría"
eun-001,h-4,999,"Elegir Unidades"
eun-001,h-1,999,"Retornar a Administración"
fca-001,botc-1,999,"Agregar Categoría"
fcg-001,h-2,999,"Modificar Otro Catálogo"
fco-001,botc-1,999,"Agregar Contenido"
fcg-001,botc-1,999,"Agregar Catálogo"
fcg-001,botc-2,999,"Modificar Catálogo"
fco-001,bot-3,999,"Limpiar Formulario"
adb-001,h-4,999,"Retorno a Administración"
fcg-001,bot-2,999,"Limpiar"
fco-001,h-1,999,"Agregar otro contenido"
fse-001,h-3,999,"Retornar a Administración"
fcg-001,h-4,999,"Modificar Catálogo"
fct-001,tf-3,999,"Nombre Abreviado de la Revista:"
fcg-001,h-3,999,"Retornar a Administración"
fcg-001,ec-2,999,"URL Catálogo:"
fcg-001,h-1,999,"Agregar otro Catálogo"
fcg-001,me-2,999,"Se ha producido un error actualizando el valor del catálogo. Verifique información ingresada."
fco-001,ec-2,999,"Título Contenido:"
fco-001,ec-3,999,"Orden en Sección:"
fco-001,ec-4,999,"Idioma:"
fco-001,ec-1,999,"Sección:"
fco-001,botc-2,999,"Cambiar Contenido"
fca-001,h-2,999,"Elegir Otra Categoría"
fcg-001,ec-1,999,"Nombre Catálogo:"
fca-001,me-1,999,"Se ha producido un error registrando la categoría. Verifique si el nombre ya no existe o contacte help-desk."
fco-001,et-1,999,"Formulario de carga de Contenidos"
fct-001,botc-2,999,"Modificar Revista"
fct-001,h-1,999,"Agregar Otra Revista"
fde-001,ec-1,999,"Formulario de carga de Dependencias"
fdi-001,ec-4,999,"URL Directorio:"
fco-001,h-2,999,"Cambiar otro contenido"
fco-001,h-3,999,"Retornar a Administración"
fct-001,tf-6,999,"Número Pedidos Acumulados:"
fct-001,h-2,999,"Seleccionar Otra Revista"
fct-001,botc-1,999,"Agregar Revista"
fct-001,tf-4,999,"ISSN Revista:"
fct-001,h-3,999,"Retornar a Administración"
fde-001,tf-8,999,"Sitio Web 3:"
fde-001,me-2,999,"No se ha podido registrar la Dependencia. Verifique el nombre o contacte al help-desk."
fde-001,bot-1,999,"Agregar Dependencia"
fde-001,h-2,999,"Modificar otra dependencia"
fct-001,tf-1,999,"Formulario de carga de Revistas"
fct-001,bot-3,999,"Limpiar Formulario"
fco-001,ec-5,999,"Texto:"
fct-001,tf-2,999,"Nombre de la Revista:"
fde-001,me-1,999,"No hay Institución definida para la presente dependencia."
fde-001,tf-11,999,"Es parte del proyecto LibLink:"
fde-001,bot-3,999,"Limpiar Formulario"
fde-001,tf-9,999,"Telefonos:"
fct-001,me-1,999,"Se ha producido un error al registrar la Revista. Verifique datos ingresados o contacte al help-desk."
fde-001,bot-2,999,"Modificar Dependencia"
fdi-001,bot-3,999,"Limpiar Formulario"
fde-001,h-3,999,"Retornar a Administración"
fde-001,h-1,999,"Agregar otra dependencia"
fde-001,tf-10,999,"Comentarios:"
fde-001,tf-6,999,"Sitio Web 1:"
fde-001,tf-2,999,"Institución de la dependencia:"
fde-001,tf-3,999,"Nombre de la dependencia:"
fde-001,tf-1,999,"País de la Institución:"
fde-001,tf-5,999,"Figura en el portal de la Institución?"
adb-001,ec-1,999,"Destino:"
fde-001,tf-4,999,"Dirección de la dependencia:"
fdi-001,h-3,999,"Retornar a Administración"
fct-001,tf-5,999,"Responsable Publicación:"
fdi-001,ec-1,999,"Nombre:"
fdi-001,botc-1,999,"Agregar Directorio"
fin-001,botc-1,999,"Agregar Institución"
fdi-001,ec-3,999,"E-Mail responsable:"
fde-001,tf-7,999,"Sitio Web 2:"
fdi-001,ec-2,999,"Nombre responsable:"
fdi-001,ec-5,999,"IP del servicio Mysql:"
fdi-001,ec-8,999,"Password Mysql:"
fdi-001,et-1,999,"Formulario de Carga de Directorio"
fdi-001,ec-7,999,"Usuario Mysql:"
fdi-001,botc-2,999,"Cambiar Directorio"
fdi-001,h-2,999,"Cambiar otro directorio"
fin-001,et-4,999,"Abreviatura Institucion:"
fin-001,et-9,999,"Dirección:"
fdi-001,ec-6,999,"Puerto del servicio:"
fdi-001,h-1,999,"Agregar otro directorio"
fin-001,et-1,999,"Pais:"
fin-001,et-2,999,"Localidad - Ciudad:"
fin-001,et-10,999,"Teléfono:"
fin-001,et-13,999,"Comentarios Institución:"
fin-001,et-11,999,"Sitio Web:"
flo-001,me-2,999,"Se ha producido un error al agregar la Localidad. Verifique el nombre o contacte al Help-Desk."
fin-001,et-6,999,"Figura en portal?"
fin-001,ec-1,999,"Formulario de Carga de Instituciones"
fin-001,et-12,999,"Codigo Pedidos:"
flo-001,botc-2,999,"Modificar Localidad"
fin-001,et-7,999,"Figura en Home?"
fin-001,et-3,999,"Nombre Institución:"
fin-001,bot-2,999,"Limpiar Formulario"
fin-001,h-1,999,"Agregar Otra Institución"
flo-001,botc-1,999,"Agregar Localidad"
fin-001,botc-2,999,"Modificar Institución"
fin-001,et-5,999,"Es integrante ISTEC?"
fin-001,me-2,999,"Se ha producido un error al agregar la Institución. Verifique el nombre de la misma o contacte al Help Desk."
fin-001,h-3,999,"Retornar a Administración"
fin-001,h-2,999,"Modificar Otra Institución"
flo-001,ec-1,999,"País de la Localidad:"
fin-001,et-8,999,"Orden en el portal:"
flo-001,et-1,999,"Formulario de Carga de Localidades"
flo-001,h-2,999,"Retornar a Administración"
fma-001,ec-3,999,"Asunto:"
flo-001,hc-1,999,"Agregar Otra Localidad"
flo-001,hc-2,999,"Modificar Otra Localidad"
fno-001,bot-1,999,"Cambiar Noticia"
flo-001,ec-2,999,"Nombre Localidad:"
fma-001,ec-6,999,"Hora:"
fma-001,h-2,999,"Elegir Otro Usuario"
fma-001,h-1,999,"Retornar a Administración"
flo-001,bot-2,999,"Limpiar Formulario"
fma-001,bot-3,999,"Cerrar Ventana"
fma-001,bot-1,999,"Enviar Mail"
fma-001,ec-1,999,"Dirección:"
fma-001,ec-2,999,"Plantilla a Usar:"
fma-001,tf-3,999,"Marque aquí si desea reemplazar la dirección de E-Mail del usuario"
fma-001,ec-4,999,"Texto:"
uni-002,ec-5,999,"País a Eliminar:"
fma-001,ec-5,999,"Fecha:"
fno-001,bot-3,999,"Limpiar Formulario"
fma-001,bot-2,999,"Restablecer"
fma-001,titulo,999,"Vista Preliminar E-Mail"
fma-001,tf-1,999,"Nombre Usuario:"
fno-001,ec-2,999,"Título de la Noticia:"
fno-001,ec-1,999,"Fecha de la Noticia:"
fno-001,err-2,999,"Se ha producido un error al actualizar datos de la noticia. Contacte al Help Desk."
fno-001,h-1,999,"Agregar otra Noticia"
fno-001,ec-3,999,"Texto de la Noticia:"
fno-001,bot-2,999,"Agregar Noticia"
fno-001,h-3,999,"Retornar al Menú de Administración"
fno-001,h-2,999,"Cambiar otra Noticia"
fno-001,tf-1,999,"Formulario de Carga de Noticias"
fpa-001,bot-2,999,"Limpiar Formulario"
fno-001,ec-4,999,"Idioma Noticia:"
fpa-001,botc-2,999,"Modificar País"
fpa-001,h-2,999,"Modificar otro Pais"
fpa-001,ec-1,999,"Nombre País:"
fse-001,ec-1,999,"Nombre Seccion:"
fpa-001,et-1,999,"Formulario de Carga de Países"
adb-001,h-1,999,"Agregar Binding para el destino"
fpa-001,h-3,999,"Retornar a Administración"
fse-001,botc-1,999,"Agregar Sección"
fpa-001,me-2,999,"Se ha producido un Error al agregar el País. Verifique el Nombre o contacte al Help desk."
fse-001,bot-2,999,"Limpiar Formulario"
fpa-001,h-1,999,"Agregar Otro País"
fse-001,h-1,999,"Agregar otra sección"
fse-001,botc-2,999,"Cambiar Sección"
fse-001,ec-2,999,"Orden Seccion:"
fpa-001,ec-2,999,"Abreviatura País:"
fse-001,et-1,999,"Formulario de carga de secciones"
fse-001,h-2,999,"Modificar otra sección"
fus-001,bot-3,999,"Limpiar Formulario"
fus-001,botc-1,999,"Agregar Unidad"
adb-001,h-2,999,"Modificar Binding para el destino"
fus-001,botc-2,999,"Cambiar Datos Unidad"
fus-001,et-1,999,"País de la Institución:"
fse-001,ec-3,999,"Idioma:"
fus-001,et-2,999,"Nombre de la Institución:"
fus-001,et-11,999,"Comentarios:"
fus-001,et-5,999,"Dirección de la Unidad:"
fus-001,et-10,999,"Hipervínculo 3:"
fus-001,et-3,999,"Nombre de la Dependencia:"
fus-001,et-4,999,"Nombre de la Unidad:"
fus-001,h-3,999,"Retorna a Administración"
fus-001,et-6,999,"Teléfono Unidad:"
fus-001,et-8,999,"Hipervínculo 1:"
fus-001,et-9,999,"Hipervínculo 2:"
adb-001,h-3,999,"Eliminar Binding para el destino"
fus-001,et-7,999,"Figura en el Portal?"
fus-001,me-3,999,"Se ha producido un error con la carga de Unidades. Verifique el Nombre o contacte al help-desk."
gen-anu,tf-4,999,"ha anulado el pedido Nro"
fus-001,hc-2,999,"Cambiar Otra Unidad"
fus-001,hc-1,999,"Agregar Otra Unidad"
fus-001,me-2,999,"No se ha definido Institucion para la presente Unidad. Por favor defina Institución."
fus-001,tf-1,999,"Formulario de Carga de Unidades"
gen-anu,con-2,999,"Confirma que desea anular el evento? Una vez anulado no podrá ser recuperado"
gen-anu,bot-1,999,"Registrar la Anulación"
gen-anu,bot-3,999,"Cerrar Ventana"
gen-anu,tf-2,999,"Causa Anula"
gen-anu,me-2,999,"Debe ingresar una causa de anulación para poder registrar la misma"
gen-anu,ec-1,999,"Responsable de la Anulación"
gen-anu,bot-2,999,"Cancelar y Cerrar"
gen-anu,tf-3,999,"El usuario"
gen-anu,con-1,999,"Confirma que desea anular el pedido? Una vez anulado no podrá ser recuperado"
fus-001,me-1,999,"No se ha definido Dependencia para la presente Unidad. Por favor defina Dependencia."
gen-anu,me-1,999,"La fecha de anulación debe tener el formato AAAA-MM-DD. Por favor reingresela"
gen-anu,tf-1,999,"Fecha Anula"
uni-002,tf-11,999,"Unidad a Eliminar:"
gen-anu,tf-5,999,"ha anulado el Evento Nro"
lco-001,bot-1,999,"Ver Usuario"
lco-001,et-3,999,"Mensaje"
lco-001,et-2,999,"Asunto"
lco-001,h-1,999,"Retornar a Administración"
lco-001,bot-2,999,"Siguiente Paso"
lco-001,bot-3,999,"Borrar Usuario de Lista"
lco-001,tf-4,999,"Número de Usuarios incluídos"
lco-001,bot-4,999,"Ver Mail Aplicado"
lco-001,me-1,999,"Es imposible avanzar: No existen usuarios a los cuales enviarles mail."
lco-001,me-2,999,"Por favor seleccione un usuario de la Lista para poder ver el mail aplicado."
lco-001,tf-1,999,"Asistente Para Lista de Correo por Pedidos Atrasados - Paso 2"
lco-001,tf-8,999,"Conjunto de Usuarios"
lco-001,tf-7,999,"Mails a Enviar:"
mso-001,h-1,999,"Retornar a Administración"
lco-001,tf-10,999,"Si oprime sobre el usuario verá el mail enviado"
lco-001,tf-5,999,"Asistente para Lista de Correo por Pedidos Atrasados - Paso 1"
lco-001,et-1,999,"Plantilla"
lco-001,tf-2,999,"Número de Pedidos para ser incluídos en lista"
lco-001,tf-6,999,"Usuarios sin mail registrado"
lco-001,tf-3,999,"Número de Días Mínimo que llegó el pedido"
lge-001,h-1,999,"Oprima aquí para intentar nuevamente"
lge-001,tf-1,999,"El acceso al área de Administración no ha sido permitido."
log-adm,tf-2,999,"Clave:"
lco-001,tf-9,999,"Asistente Lista de Correo - Envío de Mails"
lus-001,h-3,999,"Descripción servicios ISTEC-PrEBi"
lhi-001,h-1,999,"Retornar a Pedido Actual"
lhi-001,tf-2,999,"Revista solicitada:"
lhi-001,tf-4,999,"Pedidos Históricos (30 mas recientes):"
log-adm,bot-1,999,"Enviar"
lhi-001,tf-3,999,"Pedidos en curso recientes:"
log-adm,tf-1,999,"Login:"
log-adm,bot-2,999,"Limpiar"
lus-001,bot-2,999,"Limpiar"
lhi-001,tf-1,999,"Consulta de Pedidos de la misma Revista"
lus-001,h-2,999,"Ayuda con la clave de Acceso"
lus-001,bot-1,999,"Enviar"
Main,com-1,999,"Software compatible IE 4.0 o superior / Mozilla 1.4"
lus-001,h-1,999,"Solicitar Ingreso como Usuario Nuevo"
Main,h-3,999,"Esta Noticia"
Main,h-4,999,"Todas las Noticias"
lus-001,ec-1,999,"Login Usuario"
lus-001,tf-1,999,"Bienvenido a la comunidad de Usuarios de ISTEC-PrEBi On Line. Si usted no es usuario actualmente siga el link de Usuario Nuevo y en poco tiempo mas podrá usar los servicios que ofrecemos. <font color=red>Recuerde ingresar su clave respetando Mayusculas y Minusculas de acuerdo a la clave enviada automaticamente.</font>"
lus-001,ec-2,999,"Clave"
Main,tf-1,999,"Bienvenido al Sitio del ISTEC-PrEBi. El mismo se halla diseñado para facilitarle el uso y acceso a los servicios del Consorcio ISTEC - Iniciativa LIBLINK y de la red LIGDOC de Brasil"
log-adm,tf-3,999,"El Sitio de Administración del PrEBi-UNNOBA se halla restringido al personal que compone el Staff"
Main,ec-3,999,"Sugerencias a nuestros Usuario"
Main,h-2,999,"Portal Bibliográfico"
mso-001,me-1,999,"Se ha producido un error al agregar el País. Verifique Nombre. Operación Cancelada"
Main,ec-2,999,"Noticias ISTEC-PrEBi"
mso-001,bot-1,999,"Envia E-Mail"
Main,h-1,999,"Ir al Portal Bibliográfico"
fbi-001,opc-2,999,"Todas"
mso-001,me-4,999,"Se ha producido un error al agregar la Dependencia. Verifique Nombre. Operación Cancelada"
mso-001,tf-22,999,"Texto:"
mso-001,me-3,999,"Se ha producido un error al agregar la Institución. Verifique Nombre. Operación Cancelada"
Main,tf-2,999,"El Sitio se halla en constante testeo y rediseño por tanto agradeceremos las sugerencias y observaciones que desee realizar."
mso-001,me-2,999,"Se ha producido un error al agregar la Localidad. Verifique Nombre. Operación Cancelada"
Main,ec-1,999,"Portal Bibliográfico"
mso-001,tf-20,999,"Corrige Direccion?"
mso-001,tf-2,999,"Localidad agregada"
mso-001,tf-10,999,"Tabla de Localidades"
mso-001,tf-3,999,"Institución Agregada"
mso-001,tf-12,999,"Tabla de Dependencias"
mso-001,tf-11,999,"Tabla de Instituciones"
mso-001,tf-14,999,"Tabla de Categorías"
mso-001,tf-19,999,"Direccion:"
mso-001,tf-18,999,"E-Mail de Notificación de Alta"
mso-001,h-2,999,"Retornar a Solicitudes de Alta"
mso-001,tf-13,999,"Tabla de Unidades"
mso-001,tf-24,999,"1 Comunicación enviada"
mso-001,tf-15,999,"Tabla de Usuarios"
mso-001,tf-1,999,"Pais Agregado"
mso-001,tf-16,999,"Delay en la atención del usuario"
mso-001,tf-21,999,"Asunto:"
mto-001,fra-1,999,"Sector de Informaciones Generales"
mso-001,me-5,999,"Se ha producido un error al agregar la Unidad. Verifique Nombre. Operación Cancelada"
mso-001,tf-4,999,"Dependencia Agregada"
mto-001,fra-3,999," en los encuentros nacionales o internacionales. Para su comodidad el contenido esta dividido en secciones que se hallan a su izquierda"
mto-001,fra-2,999,"En este sector del sitio podrá hallar información general acerca de la modalidad de funcionamiento del PrEBi. Tambien información relacionada con ISTEC de Argentina: El software que administra esta información y de la documentación que se presenta"
mso-001,tf-9,999,"Tabla de Países"
mso-001,me-6,999,"Se ha producido un error al momento de agregar la categoría de usuario"
mso-001,tf-5,999,"Unidad Agregada"
npm-001,ec-12,999,"Días de tardanza"
npm-001,ec-18,999,"Total Institución"
npm-001,ec-11,999,"Dependencia"
npm-001,ec-14,999,"País Orígen"
npm-001,ec-15,999,"Total País"
mso-001,tf-6,999,"Categoría Agregada"
mso-001,tf-25,999,"Usuario Modificado"
mto-001,tf-1,999,"Última Actualización de la Sección"
mso-001,tf-23,999,"Comunicaciones Enviadas"
mso-001,tf-7,999,"Usuario Agregado"
mto-001,tf-2,999,"Número de Visitas Sección"
npm-001,ec-7,999,"País destino"
notlogi,mensaj,999,"No se halla identificado en el sistema para acceder a esta opción. Si ya se ha identificado antes recuerde que las sesiones pueden permanecer inactivas solo 1 hora como máximo. Sino identifiquese y repita la operación. Gracias"
mso-001,tf-8,999,"Proceso de Aprobación del Usuario"
npm-001,ec-13,999,"Total Tardanza"
npm-001,ec-1,999,"Año"
npm-001,ec-17,999,"Institución Orígen"
npm-001,ec-22,999,"Total Unidad"
npm-001,ec-2,999,"Total Año"
npm-001,ec-19,999,"Dependencia origen"
npm-001,ec-21,999,"Unidad Origen"
npm-001,ec-20,999,"Total Dependencia"
npm-001,ec-10,999,"Institución"
npm-001,ec-23,999,"Función Usuarios"
npm-001,ec-25,999,"Década Documento"
npm-001,ec-24,999,"Total Funcion"
npm-001,ec-26,999,"Título"
npm-001,ec-5,999,"Tipo Material"
npm-001,ec-3,999,"Totales:"
npm-001,h-1,999,"Retorna al Menú de Estadísticas"
npm-001,ec-8,999,"Número pedidos"
npm-001,ec-6,999,"Total Material"
npm-001,opc-3,999,"Discriminado por Año"
npm-001,fec-2,999,"Fecha Recepcion"
npm-001,fec-1,999,"Fecha Alta Pedido"
npm-001,ec-9,999,"Porcentaje"
npm-001,opc-1,999,"Por Mes"
npm-001,h-2,999,"Retornar al Menú de Usuario"
npm-001,otg-1,999,"Gráfico de Barras"
npm-001,otp-1,999,"Pedidos Iniciados"
npm-001,ec-4,999,"Porcentaje:"
npm-001,opc-2,999,"Por Año"
npm-001,otg-2,999,"Gráfico de Torta"
npm-001,otp-3,999,"Pedidos Cancelados"
fbi-001,tf-1,999,"Pantalla de Datos de Bindings"
npm-001,otp-2,999,"Pedidos Recibidos o Entregados"
npm-001,tf-1,999,"Año Inicial:"
npm-001,opc-4,999,"Acumulado"
npm-001,tf-11,999,"Institución:"
npm-001,tf-12,999,"Dependencia:"
npm-001,tf-10,999,"cálculo expresado en cantidad de páginas"
npm-001,tf-14,999,"Titulo Buscado:"
npm-001,tf-13,999,"expresado en Títulos de Revistas distintas"
npm-001,tf-7,999,"expresado en número de usuarios"
npm-001,tf-5,999,"Estado del Pedido:"
npm-001,tf-3,999,"Modalidad:"
npm-001,tf-4,999,"expresado en Numero de Pedidos"
npm-001,tf-8,999,"País a consultar:"
npm-001,tf-2,999,"Año Final:"
npm-001,tit-10,999,"Distribución del Destino (Dependencias)"
npm-001,tf-6,999,"Tipo de Gráfico:"
fbi-001,et-1,999,"Nombre de Entrada en Directorio remoto"
npm-001,tit-14,999,"Tardanza en dias por Biblioteca destino"
npm-001,tf-9,999,"Fecha Parametro:"
npm-001,tit-13,999,"Tardanza en días por Institución destino"
npm-001,tit-1,999,"por Mes"
npm-001,tit-12,999,"Tardanza en días por país destino"
npm-001,tit-5,999,"por Tipo Material y Mes"
npm-001,tit-20,999,"Usuarios Activos"
npm-001,tit-11,999,"Tardanza en días"
npm-001,tit-15,999,"Tardanza Promedio por País destino"
npm-001,tit-16,999,"Distribución del País Originario"
npm-001,tit-17,999,"Distribución Institución Originaria"
npm-001,tit-22,999,"Función Ppal usuarios"
npm-001,tit-18,999,"Distribución Dependencias Origen"
npm-001,tit-19,999,"Distribución Unidades Origen"
npm-001,tit-7,999,"Usuarios Nuevos"
npm-001,tit-24,999,"Titulos de Revistas mas solicitados"
npm-001,tit-2,999,"por Año"
npm-001,tit-4,999,"Numero de Páginas"
npm-001,tit-6,999,"por Tipo Material y Año"
npm-001,tit-21,999,"expresado en Número de Usuarios"
pau-002,et-5,999,"Categoría de Administración?"
npm-001,tit-9,999,"Distribución del Destino (Instituciones)"
npm-001,tit-8,999,"CELSIUS"
fbi-001,et-2,999,"País:"
pau-001,bot-1,999,"Segunda parte Formulario"
pau-001,bot-2,999,"Limpiar Info"
pau-001,et-2,999,"Nombres:"
pau-001,et-3,999,"E-Mail:"
pau-001,et-4,999,"País:"
pau-001,et-7,999,"Dirección Laboral:"
pau-001,et-5,999,"Institución:"
pau-001,et-1,999,"Apellido:"
pau-001,et-9,999,"Categoría de Usuario:"
pau-001,et-6,999,"Dependencia:"
pau-001,tf-2,999,"Otra"
pau-001,tf-1,999,"Formulario de Carga de Usuarios"
pau-001,et-8,999,"Teléfono:"
pau-002,et-10,999,"Cargo Staff:"
pau-002,et-1,999,"Unidad:"
pau-002,bot-2,999,"Limpiar Formulario"
pau-002,et-3,999,"Login propuesto:"
pau-002,et-2,999,"Localidad:"
pau-002,bot-1,999,"Registrar Usuario"
pau-002,et-4,999,"Password propuesta:"
pau-002,et-7,999,"Perfil Bibliotecario?"
pau-002,et-6,999,"Observaciones:"
pau-002,et-8,999,"Presentado en Staff:"
pau-002,tf-3,999,"Nombres:"
pau-002,et-9,999,"Orden Staff:"
pau-002,tf-1,999,"Formulario de Usuarios (2a.Parte)"
pau-002,tf-2,999,"Apellido:"
pau-002,tf-4,999,"Institución:"
pau-002,tf-6,999,"No Tiene"
pau-003,afg-1,999,"Si"
pau-003,et-11,999,"1 Usuario Modificado:"
pau-003,bot-1,999,"Enviar E-Mail de Notificación"
pau-003,et-1,999,"Apellido:"
fbi-001,et-3,999,"Institución:"
pau-003,afg-2,999,"No"
pau-003,et-10,999,"Perfil Bibliotecario:"
pau-003,et-2,999,"Nombres:"
pau-003,et-4,999,"Dependencia:"
pau-003,h-2,999,"Seleccionar otro usuario"
pau-003,et-8,999,"Login Usuario:"
pau-002,tf-5,999,"Dependecia:"
npm-001,tit-23,999,"Década del documento"
pau-003,et-7,999,"Categoría de Administración?"
pau-003,et-9,999,"Usuario nuevo contabilizado?"
pau-003,et-6,999,"Localidad:"
pau-003,et-5,999,"Unidad:"
pau-003,et-3,999,"Institución:"
pau-003,me-1,999,"Se ha producido un error al momento de actualizar la información. Por favor contacte al administrador o revise Login y clave."
pau-003,h-3,999,"Agregar Otro Usuario"
pau-003,h-1,999,"Retornar a Administración"
pau-003,tf-10,999,"Alta por consola de Usuarios"
pau-003,tf-18,999,"Envío de Notificación"
pau-003,tf-1,999,"Formulario de Actualización de Usuarios - Fase Final"
pau-003,tf-22,999,"Texto:"
pau-003,tf-19,999,"Direccion:"
pau-003,tf-11,999,"1 Usuario Agregado y 1 Mail enviado"
pau-003,tf-21,999,"Asunto:"
pau-003,tf-20,999,"Corrige Dirección?"
pma-001,botc-2,999,"Modificar Plantilla"
pma-001,bot-3,999,"Restablecer"
pma-001,ec-3,999,"Texto Mail:"
pma-001,h-2,999,"Modificar Otra Plantilla"
pma-001,botc-1,999,"Agregar Plantilla"
pma-001,ec-2,999,"Aplicable:"
pma-001,err-2,999,"Se ha producido un error grave con la información del pedido. Por favor contacte al Help-desk."
pma-001,ec-1,999,"Nombre Plantilla:"
pma-001,h-1,999,"Agregar Otra Plantilla"
rev-001,bot-2,999,"Cerrar Ventana"
pma-001,h-3,999,"Retornar a Administración"
pma-001,opc-2,999,"Al Necesitar confirmación de datos"
pma-001,opc-1,999,"Al recibir el documento"
pma-001,opc-3,999,"Libr"
pma-001,tf-1,999,"Pantalla de Datos de Plantillas de Mail"
pob-001,h-1,999,"Ver mas Datos Institució"
pob-001,fra-1,999,"El Portal Bibliográfico permite acceder a los catálogos bibliográficos de distintas instituciones del país y el exterior. En los mismos nuestros usuarios deberían buscar el material deseado y en caso de no hallarlo alli solicitarlo al PrEBi."
rev-001,bot-1,999,"Enviar Correo y Cerrar Ventana"
rev-001,tf-2,999,"Mail a ser enviado al usuari"
fbi-001,et-4,999,"Dependencia:"
rev-001,err-1,999,"No fue posible registrar un evento por estar ocupado el pedido. Error de concurrecia"
rev-001,tf-3,999,"Incorporar esta como la direccion de E-Mail del usuari"
pob-001,h-2,999,"Ver mas Datos Dependenci"
rev-001,tf-1,999,"Id"
rpe-001,tf-1,999,"Usuario"
rpe-001,tf-2,999,"Id"
rpe-001,hc-1,999,"Retornar al Menu de Usuari"
rus-001,bot-2,999,"Enviar Mail y Rechazar"
rpe-001,bot-1,999,"Repetir Datos del Pedido Anterio"
rpe-001,hc-2,999,"Retornar al Menú de Agregado de Pedido"
rus-001,et-4,999,"Texto:"
rpe-001,tf-3,999,"Su pedido ha sido registrado con el código:"
rus-001,et-1,999,"Plantilla:"
rus-001,bot-3,999,"Rechazar sin Enviar Mail"
rus-001,et-3,999,"Asunto:"
rus-001,bot-1,999,"Ver Mail aplicado"
rus-001,tf-1,999,"Rechazo de Solicitudes"
rus-001,et-2,999,"Direccion:"
sde-001,h-4,999,"Elegir Dependencia"
rus-001,h-2,999,"Retornar a Lista de Solicitudes"
rus-001,h-1,999,"Retornar a Administración"
rus-001,tf-2,999,"1 Solicitud Eliminada y 1 mail enviado"
sde-001,ec-1,999,"Nombre de la Dependencia"
sql-001,bot-1,999,"Ejecutar Consulta"
rus-001,tf-3,999,"1 Solicitud Eliminada"
sde-001,bot-1,999,"Enviar"
sde-001,h-3,999,"Eliminar Dependencia"
sde-001,h-1,999,"Retornar a Administración"
sde-001,me-1,999,"Con esa operación eliminará la dependencia. Desea confirmar?"
fbi-001,botc-1,999,"Agregar Binding"
sde-001,tf-1,999,"Nombre País:"
sde-001,et-1,999,"Datos de Dependencias"
sql-001,tf-2,999,"Sentencia SQL Secundaria:"
sde-001,h-2,999,"Modificar Datos"
sql-001,tf-3,999,"Obtener archivo .CSV de consulta?"
sde-001,tf-2,999,"Institución:"
sql-001,tf-1,999,"Sentencia SQL primaria:"
sta-001,ec-1,999,"Personal de Staff del Proyecto de Enlace de Bibliotecas"
sus-001,h-1,999,"Modificar Datos del Usuario"
sql-001,tf-5,999,"Consulta realizada con exito."
sql-001,tf-4,999,"Resultado de la consulta:"
sus-001,bot-2,999,"Buscar Nombre"
sta-001,fra-1,999,"Esta es la gente que día a día posibilita el funcionamiento del Proyecto de Enlace de Bibliotecas dependiente de la Presidencia de la Universidad Nacional de La Plata. Envíe por favor sus sugerencias a las direcciones de E-Mail que figuran en la derecha."
sus-001,bot-1,999,"Retornar sin Elegir"
sus-001,h-4,999,"Elegir Usuario"
sus-001,tf-2,999,"Nombre a buscar:"
sus-001,tc-1,999,"Lista de Usuarios Registrados cuyo apellido comienza con:"
sus-001,tf-1,999,"Inicio de un Pedido. Busqueda por Nombre de los Usuarios cuyo apellido comienza con:"
tes-001,bot-3,999,"Agregar Coleccion"
tes-001,bot-2,999,"Buscar Texto"
tes-001,bot-1,999,"Retornar sin Seleccionar"
tes-001,h-1,999,"Modificar Colección"
tes-001,bot-5,999,"Cerrar Ventana"
tes-001,err-1,999,"El título de la Revista no ha podido ser agregado por existir otro igual..."
tes-001,sel-1,999,"Título Completo"
tes-001,tf-1,999,"Lista de Revistas con clave de búsqueda:"
tes-001,h-4,999,"Elegir Título"
tes-001,sel-2,999,"Título Abreviado"
fbi-001,botc-2,999,"Modificar Binding"
tes-001,tf-2,999,"Texto a buscar:"
ToolBar,hi-2,999,"Links"
tes-001,tf-3,999,"Colección Ingresada:"
tes-001,sel-3,999,"ISSN"
tes-001,tf-4,999,"Título Revista Agregada:"
ToolBar,hi-3,999,"Estadísticas"
ToolBar,hi-5,999,"Administración"
ToolBar,hi-1,999,"Inicio"
ToolBar,hi-7,999,"ISTEC Internacional"
ToolBar,hi-6,999,"Sitio de usuarios"
ToolBar,hi-4,999,"Información General"
ToolBar,hi-9,999,"Home de UNLP"
ToolBar,tf-1,999,"Idioma:"
uni-001,h-2,999,"Unir Países"
ToolBar,hi-8,999,"Staff del PrEBi"
uni-001,h-7,999,"Retornar a Administración"
uni-001,h-5,999,"Unión de Unidades de Dependencias"
uni-001,h-3,999,"Unir Instituciones"
uni-001,h-4,999,"Unir Dependencias"
fbi-001,bot-3,999,"Reset Valores"
uni-002,ec-10,999,"Usuario Destino:"
uni-001,h-6,999,"Unir Usuarios y pedidos"
uni-002,tf-4,999,"Unión de Dependencias"
uni-001,tit-1,999,"Control de Calidad de Datos - Uniones"
uni-001,h-1,999,"Unir Títulos de Revistas"
uni-002,ec-1,999,"Institución a Eliminar:"
uni-002,bot-2,999,"Limpiar Formulario"
uni-001,h-8,999,"Unión de Tipos de Usuarios"
uni-002,ec-12,999,"Título Destino:"
uni-002,bot-1,999,"Unir"
fbi-001,et-5,999,"Usuario para Binding:"
uni-002,ec-14,999,"Categoría Destino:"
uni-002,ec-13,999,"Categoría a Eliminar:"
uni-002,ec-11,999,"Título a eliminar:"
uni-002,ec-2,999,"Institución Destino:"
uni-002,ec-7,999,"Unidad a Eliminar:"
uni-002,ec-6,999,"País Destino:"
uni-002,ec-4,999,"Dependencia Destino:"
uni-002,ec-8,999,"Unidad Destino:"
uni-002,ec-3,999,"Dependencia a Eliminar:"
uni-002,ec-9,999,"Usuario a Eliminar:"
tes-001,bot-4,999,"Retornar a Pedido y Asignar Revista"
uni-002,h-1,999,"Retornar a Administración"
edi-001,me-1,999,"Confirma eliminar el directorio seleccionado?"
uni-002,tf-1,999,"Unión de Instituciones"
uni-002,h-2,999,"Retornar al Menú de Uniones"
uni-002,tf-12,999,"Unidad Destino:"
Main,h-5,999,"Titulo de Revista"
Main,h-6,999,"Titulo de Articulo"
Main,bot-1,999,"Buscar Pedidos"
Main,ec-4,999,"Busqueda De Articulos De Revista"
Main,ec-5,999,"Sr Visitante o usuario del sitio\, en esta nueva secciòn le ofrecemos la posibilidad\
de conocer todos los titulos de los articulos que nos han sido solicitados. Esperamos que este servicio sea ùtil a su tarea de Docencia\, Investigador o Desarrollo."
Main,ec-6,999,"¡Nuevo Servicio!"
Main,ec-7,999,"Presione"
Main,ec-8,999,"Buscar Pedidos"
bus-003,ec-1,999,"Nombre de Autores"
bus-003,ec-2,999,"Titulo de Revista"
bus-003,ec-3,999,"Titulo de Articulo"
bus-003,ec-4,999,"Año"
Main,rd-1,999,"Por Autor"
Main,rd-2,999,"Por titulo de Revista"
Main,rd-3,999,"Por Titulo de Articulo"
Main,rd-4,999,"Por Año"
Main,ec-9,999,"Busqueda por Tipo de Material"
Main,ec-10,999,"Ayuda"
busavan,ec-1,999,"ELIJA LA OPCION A BUSCAR"
busavan,ec-2,999,"Tipo de Material"
busav1,ec-1,999,"Elija la opcion a buscar"
busav1,bot-1,999,"Buscar"
busavan,tc-1,999,"Titulo del Congreso"
busavan,tc-2,999,"Organizador"
busavan,tc-3,999,"Lugar del Congreso"
busavan,tc-4,999,"Año del Congreso"
busavan,tl-1,999,"Autor del Libro"
busavan,tl-2,999,"Nombre del Libro"
busavan,tl-3,999,"Editor del Libro"
busavan,tl-4,999,"Nonbre del Capitulo"
busavan,tp-1,999,"Pais de la Patente"
busavan,tp-2,999,"Año de la Patente"
busavan,tr-1,999,"Autor de la Revista"
busavan,tr-2,999,"Nombre del Articulo"
busavan,tr-3,999,"Nombre de la Revista"
busavan,tr-4,999,"Año/ Volumen"
busavan,tt-1,999,"Autor de la Tesis"
busavan,tt-2,999,"Director de la Tesis"
busavan,tt-3,999,"Titulo de la Tesis"
busavan,tt-4,999,"Año de la Tesis"
busavan,tc-0,999,"Congreso"
busavan,tl-0,999,"Libros"
busavan,tp-0,999,"Patentes"
busavan,tr-0,999,"Revistas"
busavan,tt-0,999,"Tesis"
busavan,ec-3,999,"Forma de Buscar"
busavan,bot-1,999,"Enviar"
busav1,tc-1,999,"Titulo del Congreso"
busav1,tc-2,999,"Organizador"
busav1,tc-3,999,"Lugar del Congreso"
busav1,tc-4,999,"Año del Congreso"
busav1,tl-1,999,"Autor del Libro"
busav1,tl-2,999,"Nombre del Libro"
busav1,tl-3,999,"Editor del Libro"
busav1,tl-4,999,"Nombre del Capitulo"
busav1,tp-1,999,"Pais de la Patente"
busav1,tp-2,999,"Año de la Patente"
busav1,tr-1,999,"Autor de la Revista"
busav1,tr-2,999,"Nombre del Articulo"
busav1,tr-3,999,"Nombre de la Revista"
busav1,tr-4,999,"Año/Volumen"
busav1,tt-1,999,"Autor de la Tesis"
busav1,tt-2,999,"Director de la Tesis"
busav1,tt-3,999,"Titulo de la Tesis"
busav1,tt-4,999,"Año de la Tesis"
busav1,hp-1,999,"Arriba"
busavan,hp-1,999,"Volver al Inicio"
bus-003,hp-1,999,"Volver"
busav1,tc-0,999,"Congreso"
busav1,tl-0,999,"Libros"
busav1,tp-0,999,"Patente"
busav1,tr-0,999,"Revistas"
busav1,tt-0,999,"Tesis"
busav1,ec-2,999,"Tipo de Material"
busav1,ec-3,999,"Forma de Buscar"
busav1,texto,999,"No hay ningun Tema relacionado con :"
bus-003,tit,999,"RESULTADO DE LA BUSQUEDA"
bus-003,tc-1,999,"Titulo del Congreso"
bus-003,tc-2,999,"Organizador del Congreso"
bus-003,tc-3,999,"Año del Congreso"
bus-003,tl-1,999,"Titulo del Libro"
bus-003,tl-2,999,"Editor del Libro"
bus-003,tl-3,999,"Autor del Libro"
bus-003,tl-4,999,"Capitulo del Libro"
bus-003,tl-5,999,"Año del Libro"
bus-003,tp-1,999,"Numero de Patente"
bus-003,tp-2,999,"Año de la Patente"
bus-003,tp-3,999,"Pais de la Patente"
bus-003,tr-1,999,"Titulo de la Revista"
bus-003,tr-2,999,"Titulo del Articulo"
bus-003,tr-3,999,"Año de la Revista"
bus-003,tr-4,999,"Volumen de la Revista"
bus-003,tt-1,999,"Titulo de la Tesis"
bus-003,tt-2,999,"Autor de la Tesis"
bus-003,tt-3,999,"Director de la Tesis"
bus-003,tt-4,999,"Año de la Tesis"
ayuda,tit,999,"Ayuda sobre la busqueda"
busavan,ec-4,999,"Texto"
busav1,tp-3,999,"Numero de Patente"
busavan,tp-3,999,"Numero de Patente"
adm-003,tc-1,999,"Titulo del Artículo"
adm-003,bot-1,999,"Enviar"
adm-003,op-1,999,"Lista Corta"
adm-003,op-2,999,"Lista Detallada"
adm-003,tf-3,999,"Id Pedido"
adm-003,tf-7,999,"Estado"
adm-003,tf-1,999,"Datos del Pedido"
adm-003,tf-2,999,"Titulo del Articulo"
adm-003,tf-4,999,"Usuario"
adm-003,tf-5,999,"Operador"
adm-003,tf-6,999,"Fecha de Solicitud"
adm-003,tf-8,999,"Retornar al menu de Administracion"
adm-003,tf-9,999,"Número de pedidos de usuario"
adm-003,tf-10,999,"Tipo de Pedido"
adm-003,bot-2,999,"Revisar Pedido"
adm-003,bot-3,999,"Generar Evento"
adm-003,et-1,999,"Tipo de Pedido"
adm-003,et-2,999,"Id Pedido"
adm-003,et-3,999,"Usuario"
adm-003,et-4,999,"Datos del Pedido"
adm-003,et-5,999,"Fecha de Solicitud"
adm-003,et-6,999,"Operador"
adm-003,et-7,999,"Estado"
adm-003,et-8,999,"Estado"
bib-001,et-1,999,"Estimado Usuario/a"
bib-001,et-2,999,"A continuación encontrará un listado de direcciones web que se corresponden con las ubicaciones en Internet de los catálogos de las bibliotecas cooperantes con el servicio PrEBi desde el exterior. La razón de mostrarle estos catálogos radica en que usted pueda realizar si asi lo desea la búsqueda de su cita bibliográfica y la localización de la misma. De este modo\, también conocerá más exhaustivamente nuestro trabajo. Usted puede proveernos la informacion que ha obtenido de su búsqueda a través del campo de la solicitud denominado biblioteca sugerida.\
Más allá de ayudarnos en nuestro trabajo\, esta nueva opcion tiende a generar usuarios capacitados\, una tendencia que es observable en Bibliotecas de Universidades muy avanzadas. Naturalmente comprendemos que si usted realiza las búsquedas surgirán preguntas referidas a las mismas. Como parte de esta capacitación\, usted puede consultar online al PrEBi para que lo ayuden a ayudarnos. El mecanismo de solicitud continuará siendo el mismo que usted utiliza hasta el momento con la única inclusión antes mencionada de la biblioteca sugerida en el caso de haber realizado exitosamente la búsqueda  si usted no localiza su material envie igual la solicitud\, debido a que el personal de PrEBi puede instanciar otros posibles lugares de obtención de su materia."
bib-001,et-3,999,"Institución"
bib-001,bot-1,999,"Enviar"
bib-001,et-4,999,"Buscar"
adm-004,bot-1,999,"Enviar"
adm-004,bot-2,999,"Revisar Pedido"
adm-004,bot-3,999,"Generar Evento"
adm-004,et-1,999,"Tipo de Pedido"
adm-004,et-2,999,"Id Pedido"
adm-004,et-3,999,"Usuario"
adm-004,et-4,999,"Datos del Pedido"
adm-004,et-5,999,"Fecha de Solicitud"
adm-004,et-6,999,"Operador"
adm-004,et-8,999,"Estado"
adm-004,op-1,999,"Lista Corta"
adm-004,op-2,999,"Lista Detallada"
adm-004,tc-1,999,"Autor"
adm-004,tf-2,999,"Autor"
adm-004,tf-8,999,"Retornar al menú de administración"
adm-004,tf-9,999,"Número de pedidos de usuario"
adu-001,hc-14,999,"archivos disponibles para bajar"
adu-001,hc-15,999,"archivo disponible para bajar"
adu-001,hc-16,999,"No hay ningún archivo disponible para bajar"
dow-001,et-001,999,"Cantidad de archivos disponibles:"
dow-001,et-002,999,"Archivo:"
dow-001,et-003,999,"Pedido"
dow-001,et-004,999,"Archivos disponibles para bajar"
dow-001,et-005,999,"Haga un clic sobre la imagen para bajarse el archivo"
adu-001,h-18,999,"Actualizar datos personales"
pau-001,et-10,999,"Actualización de datos personales"
pau-001,et-11,999,"Unidad"
uup-001,h-1,999,"Volver al menu de usuarios"
uup-001,tf-1,999,"Sus datos se han actualizado satisfactoriamente"
lhi-001,tf-5,999,"Existencias en SAMB"
par-001,et-001,999,"Biblioteca"
par-001,et-002,999,"Call Number"
par-001,et-003,999,"Existencia"
par-001,et-004,999,"Observaciones"
par-001,et-005,999,"Existencias en SAMB"
par-001,et-006,999,"Resumen de existencias encontradas"
sus-001,h-2,999,"Escribir mensaje"
sus-001,h-3,999,"Mostrar mensajes"
msg-001,bot-1,999,"Agregar mensaje"
msg-001,et-001,999,"Mensaje para"
msg-001,et-002,999,"El mensaje ha sido enviado satisfactoriamente"
msg-001,h-001,999,"Volver al menu de administración"
msg-001,h-002,999,"Escribir a otro usuario"
msg-001,et-003,999,"Id"
msg-001,et-004,999,"Fecha creado"
msg-001,et-005,999,"Texto"
msg-001,et-006,999,"Mensaje no leido"
msg-001,et-007,999,"Leido el "
msg-001,li-1,999,"Mostrar leidos"
msg-001,li-2,999,"Mostrar no leidos"
msg-001,li-3,999,"Mostrar todos"
msg-001,txt-1,999,"Mostrando solo leidos"
msg-001,txt-3,999,"Mostrando todos"
msg-001,txt-2,999,"Mostrando solo no leidos"
dow-2,tc-001,999,"El pedido ha sido registrado como bajado satisfactoriamente"
dow-2,tc-002,999,"Ir al menu de Administracion"
dow-2,tc-003,999,"Volver al listado de pedidos listos para download"
dow-2,tc-004,999,"Ha ocurrido un error. Verifique el pedido exista y que no haya sido enviado al historial"
dow-2,tc-005,999,"pedido ha sido actualizado"
dow-2,tc-006,999,"pedidos han sido actualizados"
dow-2,tc-007,999,"No se ha encontrado ningún pedido del usuario"
dow-001,err-02,999,"Volver al menú de administracion"
dow-001,err-03,999,"Volver al listado de pedidos"
dow-001,err-1,999,"El archivo ya ha sido bajado"
dow-001,img-1,999,"Archivo disponible para bajar"
dow-001,img-2,999,"Archivo no disponible para bajar"
upd-001,err-1,999,"*** Por favor complete este campo"
upd-001,err-2,999,"*** Dirección de Email inválida"
upd-001,err-3,999,"No es posible registrar Otro País sin indicar cual\, por favor hágalo en Otro Pais"
upd-001,err-4,999,"No es posible registrar Otra Institución sin indicar cual\, por favor hágalo en Otra Institución"
upd-001,err-5,999,"No definida"
upd-001,txt-1,999,"Actualizar datos personales"
upd-001,txt-2,999,"Apellido:"
upd-001,txt-3,999,"Nombre:"
upd-001,txt-4,999,"E-mail:"
upd-001,txt-5,999,"Pa&iacute s::"
upd-001,txt-6,999,"Instituci&oacute;n:"
upd-001,txt-7,999,"Dependencia:"
upd-001,txt-8,999,"Unidad:"
upd-001,txt-9,999," Direcci&oacute;n Laboral:"
upd-001,txt-10,999,"Tel&eacute;fonos:"
upd-001,txt-11,999,"Categor&iacute; a de Usuario:"
upd-001,bot-1,999,"Enviar"
upd-001,bot-2,999,"Borrar"
npm-001,tit-25,999,"Número de Pedidos por año de publicación"
ccu-001,err-1,999,"*** Las contraseñas ingresadas no coinciden"
ccu-001,err-2,999,"*** Contraseña invalida"
ccu-001,txt-1,999,"Sus datos han sido actualizados satisfactoriamente"
ccu-001,txt-2,999,"Cambie su contrase&ntilde a"
ccu-001,txt-3,999,"Su contrase&ntilde; a debe poseer 3 letras y 4 d&iacute; gitos "
ccu-001,txt-4,999,"Ingrese su nueva clave:"
ccu-001,txt-5,999,"Repita la contraseña"
npm-001,tit-26,999,"Número de Pedidos por mes y año"
npm-001,tit-27,999,"Distribución del Destino de las Solicitudes - País"
npm-001,tit-28,999,"Distribución del Destino - Instituciones.\
"
npm-001,tit-29,999,"Distribución del Destino - Bibliotecas.\
"
cur-001,txt-1,999,"Pedidos en curso por t&iacute;tulo"
cur-001,txt-2,999,"Pedidos por fecha"
cur-001,txt-3,999,"Número Total de Pedidos"
cur-001,bot-2,999,"Ver pedido"
npm-001,bot-1,999,"Enviar"
adh-001,st-001,999,"Todos los pedidos históricos"
st-002,st-002,999,"Pedidos ordenados por fecha"
st-003,st-003,999,"Número total de pedidos"
adh-001,st-002,999,"Pedidos ordenados por fecha"
adh-001,st-003,999,"Número total de pedidos"
adh-002,st-001,999,"Pedidos hist&oacute; ricos por t&iacute; tulo"
adh-002,st-002,999,"Pedidos en curso por t&iacute;tulo"
adh-002,st-003,999,"Colecci&oacute;n solicitada:"
adh-002,st-004,999,"Lista corta"
adh-002,st-005,999,"Lista larga"
adh-002,st-006,999,"Pedidos por fecha"
adh-002,st-007,999,"Número total de pedidos"
adm-001,txt-1,999,"Sitio de Administradores"
adh-002,bot-1,999,"Revisar pedido"
adh-002,bot-2,999,"Generar Evento"
adm-001,txt-2,999,"Login Administrador"
log-adm,txt-1,999,"Login Administrador"
fca-001,mc-1,999,"Se ha producido un error"
adb-001,et-001,999,"Gonzalo"
fse-001,me-2,999,"Ha ocurrido un error al actualizar la seccion"
fse-001,ec-4,999,"Actualizar seccion"
fco-001,me-2,999,"Ha ocurrido un error al actualizar el contenido"
eco-002,tf-1,999,"Idioma"
eco-002,tf-2,999,"Contenido"
eco-002,bot-1,999,"Enviar"
eco-002,h-4,999,"Modificar"
eco-002,h-5,999,"Eliminar contenido"
